Name,Questions Asked,Questions Answered,Days since Last Question
awesome-java-books,0,0,0
jukebox,0,0,0
vit-pytorch,0,0,0
v2ray-rules-dat,0,0,0
metaflow,13,6,56
vscode-browser-preview,0,0,0
luban-h5,0,0,0
pwnagotchi,0,0,0
workflow,500,215,0:00:00
Pokedex,0,0,0
tinygrad,0,0,0
Nuklear,6,2,16
cheatsheets,0,0,0
h5-Dooring,0,0,0
TaskbarX,0,0,0
clean-code-typescript,0,0,0
beginner-javascript,0,0,0
996ICU,0,0,0
itlwm,0,0,0
1loc,0,0,0
hydra,82,37,17
calendso,0,0,0
AidLearning-FrameWork,0,0,0
python_interview_question,0,0,0
tailscale,0,0,0
automl,342,141,1
starter-workflows,0,0,0
hidden,500,311,11
stats,500,207,0:00:00
996.Leave,0,0,0
Background-Matting,0,0,0
winbox,0,0,0
vue-vben-admin,0,0,0
charts.css,0,0,0
papercups,0,0,0
any-rule,0,0,0
data-science-interviews,0,0,0
collapseos,0,0,0
streetmerchant,0,0,0
binance-trade-bot,0,0,0
algodeck,0,0,0
polynote,7,3,252
ERNIE,0,0,0
The-Documentation-Compendium,0,0,0
semgrep,1,1,12
tlroadmap,0,0,0
posthog,0,0,0
vueuse,0,0,0
twin.macro,0,0,0
docs,500,234,0:00:00
gameboy.live,0,0,0
icons,500,261,0:00:00
nuclei,0,0,0
gitui,0,0,0
form-generator,19,14,6
ffmpeg.wasm,0,0,0
Waifu2x-Extension-GUI,0,0,0
EdXposed,0,0,0
obs-mac-virtualcam,0,0,0
blocks,500,273,0:00:00
BaiduYunVIP,0,0,0
Android-Daily-Interview,0,0,0
FreePAC,0,0,0
deep-learning-roadmap,0,0,0
phpinsights,0,0,0
neovide,0,0,0
SoloPi,0,0,0
super-expressive,0,0,0
fawkes,0,0,0
vugu,0,0,0
RustScan,0,0,0
sqlx,164,92,4
jotai,0,0,0
czkawka,0,0,0
awesome-system-design,0,0,0
go-admin,0,0,0
awesome-libra,0,0,0
golang-developer-roadmap-cn,0,0,0
formily,0,0,0
gpmall,0,0,0
BrasilAPI,0,0,0
xiaozhi,0,0,0
fnm,0,0,0
crater,0,0,0
